-- TrustCut mock data for local/staging Supabase projects.
-- Run after supabase/schema.sql. This seed avoids auth.users dependencies by
-- leaving comment authors and style post members nullable.

insert into public.hairdressers (
  id,
  trustcut_id,
  first_name,
  last_name,
  nick_name,
  hometown_address,
  current_address,
  phone,
  email,
  line_id,
  instagram,
  social_media,
  years_experience,
  specialties,
  work_history,
  certificates,
  competency_scores,
  aptitude_scores,
  behavior_score,
  reliability_score,
  pdpa_accepted_at,
  last_verified_at
)
values
(
  '10000000-0000-4000-8000-000000000001',
  'TC-2026-004812',
  'Mali',
  'Kanchana',
  'May',
  'Mueang Chiang Mai, Chiang Mai',
  'Sathon, Bangkok',
  '+66 81 222 0148',
  'mali.k@example.com',
  'may.cut',
  '@maytexture',
  '["Instagram","TikTok"]'::jsonb,
  8,
  array['Layered cut','Balayage','Client consultation'],
  array['2018-2021: Urban Fringe Chiang Mai','2021-2026: Nine Chair Studio Bangkok'],
  array['Advanced Color Correction','Hygiene and Salon Safety'],
  '[{"label":"Cutting","score":92},{"label":"Color","score":88},{"label":"Styling","score":84},{"label":"Sanitation","score":95},{"label":"Consulting","score":91}]'::jsonb,
  '[{"label":"Learning","score":89},{"label":"Speed","score":82},{"label":"Detail","score":93},{"label":"Teamwork","score":86},{"label":"Pressure","score":88}]'::jsonb,
  91,
  94,
  '2026-05-02T09:00:00Z',
  '2026-06-26T10:30:00Z'
),
(
  '10000000-0000-4000-8000-000000000002',
  'TC-2026-006197',
  'Niran',
  'Wongchai',
  'Nin',
  'Hat Yai, Songkhla',
  'Ari, Bangkok',
  '+66 88 410 7719',
  'niran.w@example.com',
  'nin.fade',
  '@ninfades',
  '["Instagram","Facebook"]'::jsonb,
  6,
  array['Fade','Clipper work','Beard trim'],
  array['2020-2023: Southside Barber House','2023-2026: Ari Barber Collective'],
  array['Classic Barbering','Client Care Basics'],
  '[{"label":"Cutting","score":90},{"label":"Color","score":54},{"label":"Styling","score":80},{"label":"Sanitation","score":92},{"label":"Consulting","score":83}]'::jsonb,
  '[{"label":"Learning","score":84},{"label":"Speed","score":94},{"label":"Detail","score":88},{"label":"Teamwork","score":79},{"label":"Pressure","score":90}]'::jsonb,
  86,
  89,
  '2026-04-14T11:00:00Z',
  '2026-06-20T14:15:00Z'
),
(
  '10000000-0000-4000-8000-000000000003',
  'TC-2026-007452',
  'Pimchanok',
  'Rattanaporn',
  'Pim',
  'Mueang Khon Kaen, Khon Kaen',
  'Thong Lo, Bangkok',
  '+66 82 913 6680',
  'pim.r@example.com',
  'pim.bridal',
  '@pimbridalhair',
  '["Instagram","YouTube"]'::jsonb,
  11,
  array['Bridal updo','Formal styling','Extensions'],
  array['2015-2019: Crown Salon Khon Kaen','2019-2026: Maison Glow Bangkok'],
  array['Bridal Styling Masterclass','Hair Extension Safety'],
  '[{"label":"Cutting","score":76},{"label":"Color","score":81},{"label":"Styling","score":96},{"label":"Sanitation","score":90},{"label":"Consulting","score":94}]'::jsonb,
  '[{"label":"Learning","score":86},{"label":"Speed","score":78},{"label":"Detail","score":97},{"label":"Teamwork","score":91},{"label":"Pressure","score":93}]'::jsonb,
  95,
  92,
  '2026-03-09T09:30:00Z',
  '2026-06-28T16:30:00Z'
),
(
  '10000000-0000-4000-8000-000000000004',
  'TC-2026-008023',
  'Krit',
  'Suwan',
  'Kit',
  'Mueang Rayong, Rayong',
  'Phra Khanong, Bangkok',
  '+66 86 515 2004',
  'krit.s@example.com',
  'kit.colorlab',
  '@kitcolorlab',
  '["Instagram","TikTok"]'::jsonb,
  5,
  array['Creative color','Bleach care','Short textured cuts'],
  array['2021-2024: Rayong Color Room','2024-2026: Phra Khanong Color Lab'],
  array['Bleach and Tone Systems','Scalp Protection'],
  '[{"label":"Cutting","score":82},{"label":"Color","score":93},{"label":"Styling","score":79},{"label":"Sanitation","score":88},{"label":"Consulting","score":85}]'::jsonb,
  '[{"label":"Learning","score":92},{"label":"Speed","score":77},{"label":"Detail","score":90},{"label":"Teamwork","score":84},{"label":"Pressure","score":80}]'::jsonb,
  82,
  84,
  '2026-05-21T15:00:00Z',
  '2026-06-18T09:45:00Z'
),
(
  '10000000-0000-4000-8000-000000000005',
  'TC-2026-009184',
  'Chanida',
  'Srisawat',
  'Nida',
  'Mueang Phuket, Phuket',
  'Ekkamai, Bangkok',
  '+66 89 204 7712',
  'chanida.s@example.com',
  'nida.color',
  '@nidacolorwork',
  '["Instagram","TikTok"]'::jsonb,
  7,
  array['Color correction','Gloss treatment','Consultation'],
  array['2019-2022: Andaman Hair Studio','2022-2026: Ekkamai Color House'],
  array['Color Correction Intensive','Keratin Treatment Safety'],
  '[{"label":"Cutting","score":78},{"label":"Color","score":94},{"label":"Styling","score":82},{"label":"Sanitation","score":91},{"label":"Consulting","score":90}]'::jsonb,
  '[{"label":"Learning","score":90},{"label":"Speed","score":80},{"label":"Detail","score":92},{"label":"Teamwork","score":87},{"label":"Pressure","score":86}]'::jsonb,
  88,
  90,
  '2026-05-30T10:00:00Z',
  '2026-06-29T11:30:00Z'
),
(
  '10000000-0000-4000-8000-000000000006',
  'TC-2026-009662',
  'Teerapat',
  'Jaroen',
  'Top',
  'Mueang Nakhon Ratchasima, Nakhon Ratchasima',
  'Ratchathewi, Bangkok',
  '+66 92 771 4450',
  'teerapat.j@example.com',
  'top.barber',
  '@topclassicbarber',
  '["Instagram","Facebook"]'::jsonb,
  9,
  array['Classic cut','Executive grooming','Beard shaping'],
  array['2017-2020: Korat Gentlemen Barber','2020-2026: Ratchathewi Groom Room'],
  array['Classic Scissor Cutting','Barber Hygiene Standard'],
  '[{"label":"Cutting","score":95},{"label":"Color","score":45},{"label":"Styling","score":86},{"label":"Sanitation","score":93},{"label":"Consulting","score":89}]'::jsonb,
  '[{"label":"Learning","score":82},{"label":"Speed","score":91},{"label":"Detail","score":94},{"label":"Teamwork","score":84},{"label":"Pressure","score":92}]'::jsonb,
  90,
  93,
  '2026-04-04T09:00:00Z',
  '2026-06-30T13:10:00Z'
),
(
  '10000000-0000-4000-8000-000000000007',
  'TC-2026-010104',
  'Sasithorn',
  'Phanich',
  'Sai',
  'Mueang Ubon Ratchathani, Ubon Ratchathani',
  'Lat Phrao, Bangkok',
  '+66 95 310 6294',
  'sasithorn.p@example.com',
  'sai.extension',
  '@saihairext',
  '["Instagram","YouTube"]'::jsonb,
  10,
  array['Extensions','Scalp consultation','Event styling'],
  array['2016-2021: Ubon Beauty Loft','2021-2026: Lat Phrao Extension Studio'],
  array['Extension Placement Safety','Scalp and Hair Loss Basics'],
  '[{"label":"Cutting","score":80},{"label":"Color","score":84},{"label":"Styling","score":92},{"label":"Sanitation","score":94},{"label":"Consulting","score":95}]'::jsonb,
  '[{"label":"Learning","score":87},{"label":"Speed","score":76},{"label":"Detail","score":96},{"label":"Teamwork","score":90},{"label":"Pressure","score":88}]'::jsonb,
  93,
  91,
  '2026-06-03T08:45:00Z',
  '2026-06-25T15:00:00Z'
),
(
  '10000000-0000-4000-8000-000000000008',
  'TC-2026-010876',
  'Arthit',
  'Lertchai',
  'Art',
  'Mueang Surat Thani, Surat Thani',
  'On Nut, Bangkok',
  '+66 91 448 5021',
  'arthit.l@example.com',
  'art.texture',
  '@arttexturecut',
  '["Instagram","TikTok"]'::jsonb,
  4,
  array['Texture cut','Perm support','Mens styling'],
  array['2022-2024: Surat Texture Bar','2024-2026: On Nut Studio'],
  array['Texture Cutting Foundation','Chemical Service Support'],
  '[{"label":"Cutting","score":86},{"label":"Color","score":62},{"label":"Styling","score":88},{"label":"Sanitation","score":87},{"label":"Consulting","score":78}]'::jsonb,
  '[{"label":"Learning","score":91},{"label":"Speed","score":85},{"label":"Detail","score":83},{"label":"Teamwork","score":88},{"label":"Pressure","score":79}]'::jsonb,
  84,
  82,
  '2026-06-09T10:20:00Z',
  '2026-06-26T17:20:00Z'
)
on conflict (id) do update set
  trustcut_id = excluded.trustcut_id,
  first_name = excluded.first_name,
  last_name = excluded.last_name,
  nick_name = excluded.nick_name,
  hometown_address = excluded.hometown_address,
  current_address = excluded.current_address,
  phone = excluded.phone,
  email = excluded.email,
  line_id = excluded.line_id,
  instagram = excluded.instagram,
  social_media = excluded.social_media,
  years_experience = excluded.years_experience,
  specialties = excluded.specialties,
  work_history = excluded.work_history,
  certificates = excluded.certificates,
  competency_scores = excluded.competency_scores,
  aptitude_scores = excluded.aptitude_scores,
  behavior_score = excluded.behavior_score,
  reliability_score = excluded.reliability_score,
  pdpa_accepted_at = excluded.pdpa_accepted_at,
  last_verified_at = excluded.last_verified_at;

insert into public.hairdresser_photos (id, hairdresser_id, image_url, kind)
values
('20000000-0000-4000-8000-000000000001','10000000-0000-4000-8000-000000000001','/hairdressers/mali.svg','profile'),
('20000000-0000-4000-8000-000000000002','10000000-0000-4000-8000-000000000001','/hairdressers/id-card-mali.svg','id_photo'),
('20000000-0000-4000-8000-000000000003','10000000-0000-4000-8000-000000000002','/hairdressers/niran.svg','profile'),
('20000000-0000-4000-8000-000000000004','10000000-0000-4000-8000-000000000002','/hairdressers/id-card-niran.svg','id_photo'),
('20000000-0000-4000-8000-000000000005','10000000-0000-4000-8000-000000000003','/hairdressers/pim.svg','profile'),
('20000000-0000-4000-8000-000000000006','10000000-0000-4000-8000-000000000003','/hairdressers/id-card-pim.svg','id_photo'),
('20000000-0000-4000-8000-000000000007','10000000-0000-4000-8000-000000000004','/hairdressers/krit.svg','profile'),
('20000000-0000-4000-8000-000000000008','10000000-0000-4000-8000-000000000004','/hairdressers/id-card-krit.svg','id_photo')
on conflict (id) do update set image_url = excluded.image_url, kind = excluded.kind;

insert into public.comments (id, hairdresser_id, author_id, body, rating, status, created_at)
values
('30000000-0000-4000-8000-000000000001','10000000-0000-4000-8000-000000000001',null,'Strong client consultation and dependable hygiene routine. Works best when color bookings are well scoped.',5,'approved','2026-06-21T07:30:00Z'),
('30000000-0000-4000-8000-000000000002','10000000-0000-4000-8000-000000000001',null,'Portfolio check requested for formal updo work before assigning bridal packages.',4,'pending','2026-06-30T12:00:00Z'),
('30000000-0000-4000-8000-000000000003','10000000-0000-4000-8000-000000000002',null,'Very fast on repeat fade clients. Needs clear booking buffer for first-time consultations.',4,'approved','2026-06-13T09:20:00Z'),
('30000000-0000-4000-8000-000000000004','10000000-0000-4000-8000-000000000003',null,'Excellent with premium styling clients. Calm during event-day pressure and keeps clear notes.',5,'approved','2026-06-05T13:00:00Z'),
('30000000-0000-4000-8000-000000000005','10000000-0000-4000-8000-000000000004',null,'Strong creative work. Admin should review late-arrival reports before premium shift assignment.',3,'approved','2026-06-11T10:00:00Z'),
('30000000-0000-4000-8000-000000000006','10000000-0000-4000-8000-000000000005',null,'Careful consultation and strong correction planning. Good candidate for senior colorist shifts.',5,'approved','2026-06-25T09:00:00Z'),
('30000000-0000-4000-8000-000000000007','10000000-0000-4000-8000-000000000006',null,'Punctual, consistent, and excellent with regular executive clients.',5,'approved','2026-06-19T09:00:00Z'),
('30000000-0000-4000-8000-000000000008','10000000-0000-4000-8000-000000000006',null,'Requesting admin review for weekend availability history before hiring.',4,'pending','2026-07-01T12:30:00Z'),
('30000000-0000-4000-8000-000000000009','10000000-0000-4000-8000-000000000007',null,'Strong detail and very good aftercare education for clients.',5,'approved','2026-06-22T10:00:00Z'),
('30000000-0000-4000-8000-000000000010','10000000-0000-4000-8000-000000000008',null,'Promising junior stylist. Best paired with a senior colorist for chemical services.',4,'approved','2026-06-17T09:30:00Z')
on conflict (id) do update set body = excluded.body, rating = excluded.rating, status = excluded.status;

insert into public.hair_style_posts (id, hairdresser_id, member_id, title, description, image_url, created_at)
values
('40000000-0000-4000-8000-000000000001','10000000-0000-4000-8000-000000000001',null,'Soft Layer Refresh','Long layered refresh with low-maintenance shape for humid weather.','/styles/soft-layer.svg','2026-06-10T08:00:00Z'),
('40000000-0000-4000-8000-000000000002','10000000-0000-4000-8000-000000000001',null,'Warm Balayage','Warm brunette balayage with face-framing highlights.','/styles/balayage.svg','2026-06-18T08:00:00Z'),
('40000000-0000-4000-8000-000000000003','10000000-0000-4000-8000-000000000002',null,'Low Skin Fade','Low fade with textured top and natural side profile.','/styles/low-fade.svg','2026-06-24T08:00:00Z'),
('40000000-0000-4000-8000-000000000004','10000000-0000-4000-8000-000000000003',null,'Modern Bridal Chignon','Structured low chignon with polished face frame.','/styles/bridal-chignon.svg','2026-06-12T08:00:00Z'),
('40000000-0000-4000-8000-000000000005','10000000-0000-4000-8000-000000000004',null,'Copper Crop','Warm copper crop with controlled lift and gloss finish.','/styles/copper-crop.svg','2026-06-26T08:00:00Z'),
('40000000-0000-4000-8000-000000000006','10000000-0000-4000-8000-000000000005',null,'Glossy Espresso Brown','Gloss refresh for brunette clients with low-damage color maintenance.','/styles/balayage.svg','2026-06-27T08:00:00Z'),
('40000000-0000-4000-8000-000000000007','10000000-0000-4000-8000-000000000006',null,'Executive Taper','Clean taper with natural business styling.','/styles/low-fade.svg','2026-06-29T08:00:00Z'),
('40000000-0000-4000-8000-000000000008','10000000-0000-4000-8000-000000000007',null,'Seamless Volume Extension','Natural volume extension with tidy placement and client aftercare.','/styles/bridal-chignon.svg','2026-06-21T08:00:00Z'),
('40000000-0000-4000-8000-000000000009','10000000-0000-4000-8000-000000000008',null,'Textured Crop','Short textured cut with easy daily styling.','/styles/copper-crop.svg','2026-06-20T08:00:00Z')
on conflict (id) do update set title = excluded.title, description = excluded.description, image_url = excluded.image_url;

insert into public.pdpa_consents (id, subject_type, subject_id, consent_version, accepted_at)
values
('50000000-0000-4000-8000-000000000001','hairdresser','10000000-0000-4000-8000-000000000001','mock-v1','2026-05-02T09:00:00Z'),
('50000000-0000-4000-8000-000000000002','hairdresser','10000000-0000-4000-8000-000000000002','mock-v1','2026-04-14T11:00:00Z'),
('50000000-0000-4000-8000-000000000003','hairdresser','10000000-0000-4000-8000-000000000003','mock-v1','2026-03-09T09:30:00Z'),
('50000000-0000-4000-8000-000000000004','hairdresser','10000000-0000-4000-8000-000000000004','mock-v1','2026-05-21T15:00:00Z')
on conflict (id) do nothing;

insert into public.usage_events (id, member_id, event_name, metadata, created_at)
values
('60000000-0000-4000-8000-000000000001',null,'candidate_search','{"query":"fade","resultCount":2}'::jsonb,'2026-07-01T09:10:00Z'),
('60000000-0000-4000-8000-000000000002',null,'candidate_profile_view','{"trustcutId":"TC-2026-004812"}'::jsonb,'2026-07-01T09:12:00Z'),
('60000000-0000-4000-8000-000000000003',null,'gps_verification','{"authorized":true,"demoMode":true}'::jsonb,'2026-07-01T09:13:00Z'),
('60000000-0000-4000-8000-000000000004',null,'comment_submitted','{"status":"pending"}'::jsonb,'2026-07-02T15:00:00Z')
on conflict (id) do update set metadata = excluded.metadata, created_at = excluded.created_at;
